{
  "project_info": {
    "project_number": "815922192522",
    "project_id": "fluuter-application",
    "storage_bucket": "fluuter-application.appspot.com"
  },
  "client": [
    {
      "client_info": {
        "mobilesdk_app_id": "1:815922192522:android:2116eb6942c50ec1c64d73",
        "android_client_info": {
          "package_name": "com.sociofy.new_ui"
        }
      },
      "oauth_client": [
        {
          "client_id": "815922192522-230nkls7dsl32fef5ptfl1di44a4boq6.apps.googleusercontent.com",
          "client_type": 3
        }
      ],
      "api_key": [
        {
          "current_key": "AIzaSyBGi_4yUVWtKxkH8qmOlGTzHBLj7UVRAHI"
        }
      ],
      "services": {
        "appinvite_service": {
          "other_platform_oauth_client": [
            {
              "client_id": "815922192522-230nkls7dsl32fef5ptfl1di44a4boq6.apps.googleusercontent.com",
              "client_type": 3
            }
          ]
        }
      }
    }
  ],
  "configuration_version": "1"
}